order_id,customer_id,restaurant_name,rating
1477147,337525,Hangawi,Not given
1477685,358141,Blue Ribbon Sushi Izakaya,Not given
1477070,66393,Cafe Habana,5
1477334,106968,Blue Ribbon Fried Chicken,3
1478249,76942,Dirty Bird to Go,4
1477224,147468,Tamarind TriBeCa,3
1477894,157711,The Meatball Shop,Not given
1477859,89574,Barbounia,3
1477174,121706,Anjappar Chettinad,5
1477311,39705,Bukhara Grill,5
1477895,143926,Big Wong Restaurant _¤¾Ñ¼,Not given
1478437,221206,Empanada Mama (closed),5
1476966,129969,Blue Ribbon Fried Chicken,5
1477449,104548,Pylos,3
1478198,62667,Lucky's Famous Burgers,Not given
1477414,66222,Shake Shack,5
1477486,104555,Sushi of Gari,Not given
1477373,139885,Blue Ribbon Sushi Izakaya,Not given
1477138,47280,RedFarm Hudson,4
1477354,67487,Blue Ribbon Sushi,4
1478296,250494,Five Guys Burgers and Fries,4
1478226,137565,Shake Shack,Not given
1478287,150599,Shake Shack,5
1478014,54630,Tortaria,Not given
1476714,363783,Cafe Mogador,Not given
1476693,41877,Cafe Mogador,5
1476995,371590,The Meatball Shop,5
1476844,175290,Otto Enoteca Pizzeria,Not given
1477015,76686,Vezzo Thin Crust Pizza,Not given
1476889,149984,Sushi of Gari 46,Not given
1478289,318874,The Kati Roll Company,5
1477699,302790,Klong,5
1476855,317794,5 Napkin Burger,Not given
1477748,105349,TAO,Not given
1478244,181782,Parm,5
1478310,65224,Sushi Samba,Not given
1478017,148649,Blue Ribbon Sushi,4
1476871,118709,The Meatball Shop,4
1477999,208020,Haru Gramercy Park,5
1476891,220693,Shake Shack,Not given
1477425,378482,Chipotle Mexican Grill $1.99 Delivery,4
1478143,337525,TAO,Not given
1477267,133637,RedFarm Broadway,5
1477728,107909,Cafeteria,Not given
1476908,365237,Five Guys Burgers and Fries,5
1476581,322162,The Meatball Shop,5
1476930,198802,DuMont Burger,5
1477621,122864,Sarabeth's East,4
1478354,52037,Blue Ribbon Fried Chicken,Not given
1477251,81110,Hill Country Fried Chicken,5
1477656,300003,Bistango,Not given
1477883,91817,Blue Ribbon Fried Chicken,Not given
1477205,112036,TAO,5
1478107,73895,RedFarm Broadway,Not given
1477760,130507,Jack's Wife Freda,3
1476562,129486,Mamoun's Falafel,3
1477692,313340,Sushi of Gari 46,3
1477889,177250,RedFarm Hudson,5
1477243,176234,Prosperity Dumpling,5
1477560,371677,Blue Ribbon Fried Chicken,Not given
1476896,388918,Blue Ribbon Fried Chicken,Not given
1478327,68551,Blue Ribbon Sushi Bar & Grill,Not given
1476820,152786,Cafe Habana,4
1478121,62980,Westville Hudson,Not given
1478077,82041,Shake Shack,Not given
1478359,361616,Blue Ribbon Brooklyn,3
1476841,398426,RedFarm Broadway,4
1477125,130820,Nobu Next Door,5
1477915,200074,Osteria Morini,Not given
1477475,65009,Blue Ribbon Fried Chicken,5
1477932,170221,Shake Shack,Not given
1476651,58092,Shake Shack,5
1477730,50616,Parm,Not given
1477518,133202,Sushi Samba,5
1477821,277898,Haandi,4
1477104,77341,The Meatball Shop,Not given
1477921,97079,Benihana,5
1477938,150002,The Kati Roll Company,5
1476943,87472,RedFarm Hudson,Not given
1477581,231061,Han Dynasty,4
1477975,56722,Shake Shack,5
1477601,107909,Cafeteria,4
1477790,133617,Shake Shack,4
1477385,67538,Chipotle Mexican Grill $1.99 Delivery,5
1478423,129969,The Meatball Shop,Not given
1477051,57174,Tortaria,Not given
1476796,78939,Nobu Next Door,3
1478031,309513,Otto Enoteca Pizzeria,5
1477740,129798,TAO,4
1478384,184085,Hill Country Fried Chicken,5
1478183,329710,Shake Shack,3
1477569,65009,Chote Nawab,5
1478211,154030,RedFarm Hudson,4
1476635,86731,Mission Cantina,5
1477646,306119,Xi'an Famous Foods,Not given
1477027,164016,Blue Ribbon Fried Chicken,Not given
1476921,121476,Blue Ribbon Fried Chicken,3
1476689,305522,Shake Shack,4
1477767,68976,Sarabeth's East,3
1476582,60703,Cafe Habana,Not given
1478169,80460,Rubirosa,3
1477702,128600,Blue Ribbon Fried Chicken,Not given
1477240,142356,Blue Ribbon Sushi,4
1476564,83287,Five Guys Burgers and Fries,5
1478408,134152,The Meatball Shop,Not given
1477824,345899,TAO,4
1477617,38050,Blue Ribbon Sushi,5
1477978,259341,Joe's Shanghai _Àü£¾÷´,5
1477281,309513,Otto Enoteca Pizzeria,5
1478223,234089,Blue Ribbon Sushi,5
1477364,125123,Shake Shack,Not given
1476715,365244,Bareburger,Not given
1476654,63020,The Odeon,3
1477296,222879,Parm,5
1478321,275535,Pongsri Thai,4
1477942,49793,Yama Japanese Restaurant,5
1477552,137565,Shake Shack,Not given
1476770,65009,Blue Ribbon Fried Chicken,4
1476558,214394,Yama Japanese Restaurant,Not given
1477993,91907,Momoya,5
1478072,82041,Osteria Morini,5
1476935,59419,Blue Ribbon Fried Chicken,5
1477255,50199,Five Guys Burgers and Fries,Not given
1477012,325210,The Meatball Shop,Not given
1477704,100999,Balthazar Boulangerie,Not given
1477188,146588,Sushi of Gari,5
1478348,310051,Parm,Not given
1477405,128243,The Meatball Shop,5
1476826,53543,CafÌ© China,Not given
1478340,230535,Shake Shack,3
1477044,127122,RedFarm Broadway,5
1476978,177250,RedFarm Hudson,Not given
1477287,111125,Otto Enoteca Pizzeria,Not given
1477110,144997,RedFarm Hudson,4
1476555,97991,Blue Ribbon Sushi Bar & Grill,Not given
1476862,58533,The Meatball Shop,Not given
1477117,104336,Nobu Next Door,4
1478402,232582,CafÌ© China,3
1477431,195927,Boqueria,5
1477836,373689,Bareburger,Not given
1477376,370372,Blue Ribbon Fried Chicken,Not given
1476835,264707,TAO,5
1477177,42385,Song Thai Restaurant & Bar,5
1478174,104555,Sushi of Gari,Not given
1478269,250494,The Meatball Shop,5
1477369,139085,Shake Shack,Not given
1476969,198309,Blue Ribbon Sushi,Not given
1477420,399478,Shake Shack,Not given
1476663,40010,Parm,4
1477904,48131,RedFarm Hudson,4
1478219,41692,Shake Shack,Not given
1477206,61305,Blue Ribbon Sushi Bar & Grill,Not given
1477337,123780,Five Guys Burgers and Fries,Not given
1476809,385248,Shake Shack,Not given
1477750,97806,Shake Shack,5
1476817,97079,Benihana,Not given
1476659,52463,RedFarm Broadway,3
1477609,105068,TAO,Not given
1477616,128600,Tamarind TriBeCa,4
1476769,71791,Sushi of Gari 46,Not given
1477185,362068,The Kati Roll Company,Not given
1477752,298824,Shake Shack,3
1477239,94524,The Meatball Shop,4
1476590,342107,The Kati Roll Company,4
1478305,62359,Rubirosa,4
1476751,347181,Blue Ribbon Sushi,Not given
1477831,60052,RedFarm Broadway,4
1477955,198936,Five Leaves,Not given
1476568,348787,Otto Enoteca Pizzeria,4
1478391,184325,Pinto Nouveau Thai Bistro,4
1476725,42935,Barbounia,5
1476688,200672,Cafe Mogador,Not given
1477102,75484,Five Guys Burgers and Fries,Not given
1476878,378027,RedFarm Broadway,Not given
1476805,93133,Parm,5
1478093,268958,Barbounia,5
1478201,370017,RedFarm Broadway,5
1478032,146586,Dirty Bird to Go,4
1476606,350085,The Meatball Shop,Not given
1477570,292343,Amy Ruth's,4
1476808,84700,Pepe Giallo,3
1476610,53212,TAO,Not given
1476875,373353,indikitch,Not given
1476829,79255,The Meatball Shop,Not given
1477366,275689,Han Dynasty,4
1477774,354719,The Meatball Shop,5
1477209,17495,Prosperity Dumpling,Not given
1478334,352247,Chipotle Mexican Grill $1.99 Delivery,4
1477872,300670,Shake Shack,Not given
1478417,87747,Blue Ribbon Fried Chicken,5
1477401,326426,Sushi of Gari,Not given
1477764,131645,Yama 49,5
1477835,129518,Blue Ribbon Fried Chicken,4
1476997,103005,Yama Japanese Restaurant,5
1477519,140477,Momoya,Not given
1477004,250494,Five Guys Burgers and Fries,5
1477536,105164,Piccolo Angolo,4
1478313,160957,Momoya,4
1477290,361509,Shake Shack,Not given
1476648,169478,RedFarm Broadway,Not given
1476657,91192,Hill Country Fried Chicken,4
1478089,134294,Shake Shack,4
1478026,365225,Pepe Rosso To Go,3
1477768,279895,Shake Shack,4
1477424,81110,Han Dynasty,Not given
1478378,384391,Shake Shack,5
1477493,328357,Shake Shack,3
1478092,41318,Jack's Wife Freda,5
1477150,92832,Five Guys Burgers and Fries,5
1478157,58871,Shake Shack,4
1478343,231042,Momoya,4
1476860,336162,Nobu Next Door,5
1477675,76907,Han Dynasty,5
1476799,389740,L'Express,3
1476598,41168,Parm,3
1477277,59749,Bareburger,Not given
1476682,86731,Mission Cantina,Not given
1477047,42832,5 Napkin Burger,Not given
1478173,91005,Han Dynasty,5
1477528,128963,Han Dynasty,4
1478426,124085,Blue Ribbon Sushi Bar & Grill,3
1476696,231061,Han Dynasty,Not given
1478189,105138,Han Dynasty,4
1477532,95164,Amma,4
1477324,263426,Blue Ribbon Sushi Izakaya,5
1476698,142461,Delicatessen,Not given
1478290,263199,Sushi of Gari 46,4
1476919,387227,Blue Ribbon Sushi Bar & Grill,5
1477247,385559,Blue Ribbon Fried Chicken,5
1477794,127149,Sarabeth's East,Not given
1477048,200074,Osteria Morini,Not given
1477615,136876,Rubirosa,5
1476566,103884,S'MAC,Not given
1477310,38612,Vanessa's Dumplings,5
1477758,334619,Blue Ribbon Sushi Izakaya,4
1477765,92996,Tamarind TriBeCa,4
1476753,195723,Cafe Habana,3
1476759,268958,Sushi of Gari 46,4
1477333,111356,Bhatti Indian Grill,5
1476830,361509,Cafeteria,Not given
1478227,367591,Taro Sushi,5
1476789,103005,Yama Japanese Restaurant,5
1477603,399121,Blue Ribbon Sushi,Not given
1478246,260680,Delicatessen,5
1476931,124838,Hill Country Fried Chicken,5
1477029,295111,The Meatball Shop,5
1476849,42052,Pepe Rosso To Go,Not given
1478179,52832,Han Dynasty,3
1477679,120833,Bareburger,Not given
1477810,94483,Bistango,Not given
1477342,49631,The Meatball Shop,Not given
1478133,114085,Blue Ribbon Sushi Bar & Grill,Not given
1477756,251607,Shake Shack,Not given
1477721,72339,Donburi-ya,Not given
1476952,229946,Balthazar Boulangerie,Not given
1477587,92726,Hatsuhana,4
1478210,320493,Vanessa's Dumplings,Not given
1477887,69348,RedFarm Broadway,3
1478366,270149,Samurai Mama,5
1478279,354016,Waverly Diner,5
1476819,104548,Tarallucci e Vino Restaurant,Not given
1477394,105754,Momoya,4
1476667,157578,P.J. Clarke's,4
1476975,350373,Blue Ribbon Fried Chicken,4
1477909,47440,Blue Ribbon Fried Chicken,Not given
1476579,85633,The Meatball Shop,5
1477286,110091,The Meatball Shop,Not given
1478436,95164,Amma,Not given
1476685,96877,The Meatball Shop,4
1477912,261400,The Meatball Shop,5
1476892,177078,Lantern Thai Kitchen,Not given
1476882,68429,Shake Shack,5
1477314,52832,ilili Restaurant,4
1477712,373633,Yama 49,5
1477057,390490,Blue Ribbon Brooklyn,3
1477926,72639,P.J. Clarke's,3
1477273,95644,RedFarm Broadway,Not given
1478003,129597,Otto Enoteca Pizzeria,5
1477522,101084,RedFarm Hudson,Not given
1476947,46859,The Meatball Shop,5
1478295,117810,Momoya,Not given
1476551,49034,The Smile,Not given
1476846,82041,Parm,Not given
1476974,142461,Shake Shack,4
1478005,97991,Blue Ribbon Sushi Bar & Grill,5
1476653,113972,RedFarm Hudson,3
1476563,114085,Blue Ribbon Sushi Bar & Grill,Not given
1478440,231042,Momoya,5
1477348,298824,Bareburger,Not given
1477525,52360,TAO,Not given
1477920,83504,Balthazar Boulangerie,4
1477797,194778,Shake Shack,5
1477640,105992,RedFarm Broadway,5
1477091,373486,Chipotle Mexican Grill $1.99 Delivery,3
1477010,49631,The Meatball Shop,Not given
1478324,250494,Blue Ribbon Fried Chicken,4
1477908,378923,Vanessa's Dumpling House,Not given
1477573,58898,RedFarm Broadway,5
1476728,250494,Bubby's ,Not given
1477815,144997,RedFarm Hudson,Not given
1477283,75115,RedFarm Hudson,Not given
1476856,59674,Woorijip,3
1477265,115238,The Smile,5
1477723,368663,Shake Shack,4
1478020,128353,The Meatball Shop,5
1477729,355713,RedFarm Broadway,Not given
1477312,269793,Dirty Bird To Go (archived),Not given
1476577,100778,The Meatball Shop,Not given
1477032,60052,Rubirosa,5
1478221,47280,Rubirosa,4
1477747,183520,Blue Ribbon Sushi,3
1477389,391860,Lucky's Famous Burgers,5
1477983,334373,Five Guys Burgers and Fries,5
1477642,370405,Haveli Indian Restaurant,3
1478229,64153,Blue Ribbon Fried Chicken,Not given
1477270,314480,Shake Shack,Not given
1477301,232035,Blue Ribbon Fried Chicken,4
1476821,80434,Bareburger,Not given
1476979,81166,Dos Caminos,5
1477762,91397,Chipotle Mexican Grill $1.99 Delivery,Not given
1476906,237592,Shake Shack,Not given
1476867,91879,da Umberto,5
1477834,22405,The Meatball Shop,4
1477577,290693,Shake Shack,5
1477492,64658,Blue Ribbon Sushi Bar & Grill,5
1476848,365401,Dirty Bird To Go (archived),Not given
1477870,301032,Mission Cantina,Not given
1477714,100536,Shake Shack,Not given
1478075,232359,The Meatball Shop,3
1477677,181782,Parm,3
1476589,146588,Sushi of Gari,5
1477828,360844,Tamarind TriBeCa,5
1477680,353606,P.J. Clarke's,5
1477468,109221,Tortaria,5
1476619,78318,RedFarm Hudson,4
1476702,152786,Cafe Habana,Not given
1478081,118776,Blue Ribbon Sushi Bar & Grill,4
1477598,81110,Hill Country Fried Chicken,4
1477624,104336,Shake Shack,4
1476773,92806,Shake Shack,Not given
1478299,130521,Lucky's Famous Burgers,Not given
1477326,52031,Han Dynasty,Not given
1478152,304708,Parm,3
1478396,74925,Cafe Mogador,4
1477537,104130,Blue Ribbon Sushi,Not given
1478372,133202,Sushi Samba,5
1478338,150865,Vanessa's Dumpling House,Not given
1477025,331608,Shake Shack,Not given
1477158,363561,Shake Shack,Not given
1477375,235620,Shake Shack,Not given
1478316,118975,Shake Shack,Not given
1476553,128224,Osteria Morini,Not given
1478330,109419,The Meatball Shop,Not given
1476999,63417,Pepe Rosso To Go,3
1476569,55334,Sushi of Gari Tribeca,Not given
1477040,301618,Vanessa's Dumplings,Not given
1476599,47386,Bubby's ,5
1476548,122609,Blue Ribbon Sushi,4
1477099,391746,Blue Ribbon Sushi,4
1477508,62027,Momoya,4
1478067,237616,Shake Shack,3
1476946,103526,Burger Joint,5
1477339,68965,RedFarm Hudson,Not given
1477490,232035,ilili Restaurant,Not given
1477135,62359,Pylos,Not given
1477931,403833,Room Service,Not given
1477822,61588,Blue Ribbon Sushi,Not given
1477360,91907,Sarabeth's Restaurant,Not given
1477163,376578,Shake Shack,5
1476732,212469,Blue Ribbon Fried Chicken,5
1477987,104563,Blue Ribbon Sushi,4
1478315,235818,Shake Shack,Not given
1476941,127149,Sarabeth's East,Not given
1477014,399520,Xe May Sandwich Shop,5
1476640,142773,Hibino,4
1478272,318874,The Kati Roll Company,5
1477026,355592,CafÌ© China,4
1476897,197265,Hill Country Fried Chicken,Not given
1476560,149508,Shake Shack,4
1477007,342882,Yama Japanese Restaurant,Not given
1477958,309981,Blue Ribbon Fried Chicken,Not given
1478102,165695,The Smile,Not given
1478088,77540,Nobu Next Door,5
1478252,94167,Dos Caminos,Not given
1477964,165130,The Meatball Shop,4
1477708,141908,Bareburger,4
1476623,277898,Blue Ribbon Fried Chicken,5
1476912,149386,Yama Japanese Restaurant,4
1478104,75722,Osteria Morini,Not given
1478065,212326,RedFarm Broadway,Not given
1477196,50123,Cafe Habana,5
1477531,52463,RedFarm Broadway,3
1476580,331143,Waverly Diner,Not given
1477844,134340,Mira Sushi,4
1477192,374286,Vanessa's Dumpling House,Not given
1476618,351749,Shake Shack,5
1477256,196355,Shake Shack,5
1477919,75484,Five Guys Burgers and Fries,Not given
1478120,47440,Blue Ribbon Fried Chicken,Not given
1477791,300549,Shake Shack,3
1477806,195927,Boqueria,Not given
1477631,115519,The Meatball Shop,4
1477566,211697,Shake Shack,4
1477156,93797,ilili Restaurant,Not given
1478136,61388,Five Guys Burgers and Fries,4
1477690,370096,Melt Shop,5
1477237,59217,Jack's Wife Freda,4
1477107,211697,Shake Shack,4
1478108,87188,Momoya,3
1478047,127934,Blue Ribbon Fried Chicken,Not given
1477535,125123,S'MAC,5
1477517,77793,The Meatball Shop,5
1478029,403019,S'MAC,5
1476585,141918,S'MAC,4
1477620,148320,Tamarind TriBeCa,Not given
1476664,164016,Blue Ribbon Fried Chicken,5
1478422,197832,The Meatball Shop,Not given
1477482,114919,Yama Japanese Restaurant,Not given
1477271,94152,The Meatball Shop,5
1477094,384571,Blue Ribbon Fried Chicken,5
1477722,347263,Dos Caminos,5
1476831,169478,RedFarm Broadway,4
1477843,241719,Blue Ribbon Sushi Izakaya,5
1477323,59181,RedFarm Hudson,5
1477066,376381,Shake Shack,Not given
1477914,366975,Blue Ribbon Sushi Bar & Grill,Not given
1478064,221430,Han Dynasty,Not given
1477711,67647,J. G. Melon,4
1477410,39011,Mamoun's Falafel,Not given
1477278,347263,Hummus Place,4
1477663,93133,Nobu Next Door,4
1477195,64830,Cafeteria,3
1477737,104548,Tarallucci e Vino Restaurant,Not given
1477058,65779,The Kati Roll Company,Not given
1476996,149984,Sushi of Gari 46,4
1477193,304291,P.J. Clarke's,3
1476596,199735,The Meatball Shop,Not given
1477154,143796,S'MAC,4
1478278,42755,Blue Ribbon Fried Chicken,Not given
1478355,68103,The Meatball Shop,4
1476557,348787,Otto Enoteca Pizzeria,Not given
1477264,35774,The Meatball Shop,Not given
1476806,203370,Chipotle Mexican Grill $1.99 Delivery,Not given
1478000,167136,ilili Restaurant,Not given
1478159,57943,Shake Shack,3
1476910,397362,TAO,5
1476660,47280,Blue Ribbon Sushi,5
1477558,268365,Cafe Mogador,4
1477458,114247,Shake Shack,Not given
1477233,110138,Saravanaa Bhavan,5
1477772,91958,TAO,Not given
1477319,145389,Westville Hudson,Not given
1477731,122609,Blue Ribbon Sushi Izakaya,5
1477571,121476,Blue Ribbon Fried Chicken,Not given
1477274,96877,Melt Shop,Not given
1477276,304449,Friend of a Farmer,Not given
1478046,53289,The Loop,4
1478398,137617,Blue Ribbon Fried Chicken,5
1477991,69713,The Meatball Shop,5
1478267,93065,Han Dynasty,Not given
1477901,353676,indikitch,5
1478247,104555,Sushi of Gari,4
1477875,154022,Blue Ribbon Sushi Bar & Grill,5
1476749,351799,Sushi of Gari Tribeca,4
1477600,347263,Hangawi,Not given
1477500,152786,Cafe Habana,4
1477498,103500,RedFarm Hudson,Not given
1478337,100527,Empanada Mama (closed),3
1476736,60835,Nobu Next Door,4
1477372,55227,Sushi of Gari Tribeca,5
1477126,41409,Nobu Next Door,Not given
1478158,232035,Balade,5
1476586,173667,Osteria Morini,Not given
1477951,242689,The Odeon,Not given
1477472,67845,RedFarm Hudson,5
1476738,233614,Yama 49,Not given
1477445,97079,Donburi-ya,Not given
1477738,97346,Osteria Morini,5
1477403,87603,The Meatball Shop,4
1477392,203370,Chipotle Mexican Grill $1.99 Delivery,4
1476877,53289,The Loop,Not given
1477877,360844,RedFarm Broadway,5
1477586,84087,The Meatball Shop,5
1477936,133202,Blue Ribbon Sushi,Not given
1478209,63141,Shake Shack,Not given
1477643,139827,RedFarm Hudson,4
1477809,148499,Posto,Not given
1478380,110091,The Meatball Shop,5
1477516,52256,Han Dynasty,Not given
1476915,142273,Pepe Rosso To Go,5
1478109,87006,Nobu Next Door,5
1476914,141445,Parm,3
1477463,66505,Mamoun's Falafel,5
1477521,113972,RedFarm Hudson,Not given
1477427,291891,The Kati Roll Company,5
1476944,105614,Terakawa Ramen,3
1477929,87006,Nobu Next Door,Not given
1477220,41249,Kambi Ramen House,5
1476866,42018,Blue Ribbon Sushi,Not given
1477037,79215,Blue Ribbon Sushi,3
1477495,92806,Shake Shack,Not given
1477248,349123,Shake Shack,5
1476740,60873,Jack's Wife Freda,4
1477238,87727,Blue Ribbon Sushi,Not given
1478052,77544,Shake Shack,4
1477130,365469,Wo Hop Restaurant,4
1477856,143984,The Smile,3
1477592,87357,Shake Shack,5
1477659,54093,Shake Shack,Not given
1477661,122852,Blue Ribbon Fried Chicken,Not given
1477230,284455,Shake Shack,5
1476624,117810,Momoya,Not given
1477832,100778,Spice Thai,Not given
1477749,362842,Cafe Habana,5
1478037,97346,da Umberto,Not given
1477109,208020,Sushi of Gari 46,Not given
1476902,165110,Room Service,Not given
1476916,52832,Dickson's Farmstand Meats,4
1476703,405334,TAO,Not given
1477785,77306,Xi'an Famous Foods,4
1476650,88201,J. G. Melon,5
1476643,88185,Momoya,4
1477371,369452,UVA Wine Bar & Restaurant,Not given
1476994,141576,Blue Ribbon Sushi Bar & Grill,5
1476934,126134,Jack's Wife Freda,3
1476954,97370,Momoya,Not given
1478160,52832,Donburi-ya,5
1478228,86233,TAO,4
1478002,348096,The Meatball Shop,5
1478112,232542,The Meatball Shop,4
1478114,237616,Shake Shack,Not given
1477400,68775,Sushi of Gari Tribeca,4
1478274,374826,Waverly Diner,4
1477804,381020,The Meatball Shop,5
1477572,150865,Vanessa's Dumpling House,5
1476904,60845,Blue Ribbon Sushi,3
1477336,94480,The Meatball Shop,5
1476929,61181,S'MAC,Not given
1477812,93505,Rubirosa,5
1477210,182080,Shake Shack,Not given
1477873,370053,Shake Shack,3
1477858,60052,Rubirosa,Not given
1477788,270444,P.J. Clarke's,Not given
1476711,106968,Blue Ribbon Fried Chicken,Not given
1477997,186473,Blue Ribbon Sushi Izakaya,3
1477523,53503,RedFarm Broadway,4
1476572,356195,Blue Ribbon Fried Chicken,5
1476895,105460,Burger Joint,Not given
1478236,121905,Chipotle Mexican Grill $1.99 Delivery,4
1476628,70456,Parm,Not given
1476927,62626,Sushi of Gari 46,Not given
1477547,242754,Rubirosa,Not given
1478349,229946,Balthazar Boulangerie,Not given
1477850,216438,Blue Ribbon Sushi,Not given
1478048,101202,Burger Joint,4
1477133,175290,Shake Shack,Not given
1476746,201471,ilili Restaurant,5
1477724,80531,RedFarm Hudson,Not given
1476911,74707,Bareburger,4
1478292,334373,Tamarind TriBeCa,Not given
1478024,241719,Sushi of Gari Tribeca,Not given
1478281,58898,Blue Ribbon Sushi,4
1478009,379538,Parm,3
1476898,174437,Han Dynasty,Not given
1477285,325285,RedFarm Broadway,Not given
1478335,84502,Nobu Next Door,4
1477934,60052,RedFarm Broadway,5
1476645,140477,Serafina Fabulous Pizza,5
1477450,79215,Blue Ribbon Sushi,3
1477657,177078,Lantern Thai Kitchen,Not given
1478135,276431,The Meatball Shop,5
1477254,58898,Blue Ribbon Sushi,5
1477705,60397,Jack's Wife Freda,3
1477814,62359,Pylos,4
1478059,53947,Gaia Italian Cafe,Not given
1478192,54365,Shake Shack,5
1477743,104130,Blue Ribbon Sushi,Not given
1477203,60138,The Meatball Shop,5
1477292,386766,Parm,3
1477178,47440,Bareburger,4
1478283,167986,J. G. Melon,3
1477321,89844,Five Guys Burgers and Fries,Not given
1477322,355592,CafÌ© China,Not given
1477879,362961,ilili Restaurant,4
1476741,318095,Blue Ribbon Sushi Izakaya,5
1478303,72639,Sushi of Gari,Not given
1476647,294246,Piccolo Angolo,Not given
1476669,142677,Chola Eclectic Indian Cuisine,5
1477049,175101,TAO,4
1477602,320493,Vanessa's Dumplings,5
1477088,129486,Mamoun's Falafel,4
1476964,81405,RedFarm Broadway,5
1477981,154464,Westville Hudson,4
1476717,151191,Pongsri Thai,Not given
1477851,66373,Blue Ribbon Sushi Izakaya,4
1478063,367093,Parm,Not given
1477636,94909,Parm,4
1477763,111356,Blue Ribbon Sushi,Not given
1477944,70564,Rubirosa,3
1478073,121686,TAO,4
1478357,142356,Blue Ribbon Sushi,Not given
1478055,7567,indikitch,Not given
1476815,39029,Prosperity Dumpling,5
1477019,62359,RedFarm Hudson,5
1477159,283310,Shake Shack,Not given
1478409,151333,Melt Shop,5
1477471,103147,Hot Kitchen,5
1476747,115213,Junoon,Not given
1477165,128600,Blue Ribbon Fried Chicken,Not given
1477378,115610,Tamarind TriBeCa,Not given
1476803,73873,Han Dynasty,Not given
1477792,270525,The Smile,Not given
1478331,42424,Han Dynasty,5
1478319,84087,The Meatball Shop,3
1477090,54081,Osteria Morini,4
1477623,41136,The Meatball Shop,Not given
1477098,304509,RedFarm Broadway,Not given
1477399,378482,Shake Shack,Not given
1476649,38116,Ravagh Persian Grill,Not given
1478288,58231,Rohm Thai,Not given
1477719,367051,RedFarm Hudson,3
1477816,187187,Momoya,3
1477777,73175,Hill Country Fried Chicken,5
1476637,49695,Blue Ribbon Fried Chicken,Not given
1477349,52327,Nobu Next Door,5
1478222,370656,Vanessa's Dumplings,Not given
1476774,114400,Shake Shack,Not given
1478421,59673,Dig Inn Seasonal Market,5
1476775,66636,Shake Shack,5
1478087,96921,Bareburger,3
1476710,65009,Blue Ribbon Sushi Izakaya,5
1478395,283052,Han Dynasty,4
1478265,52832,Dos Caminos,Not given
1476625,348352,Olea,Not given
1477413,325272,Shake Shack,Not given
1477485,165695,Jack's Wife Freda,5
1476708,126026,Nobu Next Door,Not given
1477168,352130,TAO,Not given
1476872,42018,Blue Ribbon Sushi,Not given
1477161,263426,Nobu Next Door,Not given
1477799,399520,Xe May Sandwich Shop,Not given
1477309,64151,Rubirosa,5
1478132,74762,Cafeteria,Not given
1477456,124085,Blue Ribbon Sushi Bar & Grill,Not given
1477678,102085,Otto Enoteca Pizzeria,5
1477428,77857,Shake Shack,4
1477359,373285,RedFarm Hudson,Not given
1477542,59673,Shake Shack,Not given
1477945,63096,Rubirosa,Not given
1477211,304365,Sarabeth's Restaurant,Not given
1477315,176622,Cafe Mogador,5
1478058,200631,Amy Ruth's,4
1476678,91817,Shake Shack,4
1478363,138024,Cho Dang Gol,4
1477288,47879,El Parador Cafe,5
1478350,132753,Vanessa's Dumplings,5
1477651,404649,Parm,Not given
1476977,41246,Shake Shack,5
1477544,113972,RedFarm Hudson,4
1477487,209552,TAO,5
1477187,353331,Chipotle Mexican Grill $1.99 Delivery,5
1478387,70564,Jack's Wife Freda,5
1476955,70001,Dirty Bird to Go,Not given
1476673,83287,Blue Ribbon Sushi Izakaya,Not given
1476909,366975,Blue Ribbon Sushi Bar & Grill,5
1478204,64153,Blue Ribbon Fried Chicken,4
1476613,65561,Chipotle Mexican Grill $1.99 Delivery,5
1476739,290266,Socarrat Paella Bar,5
1476617,53513,The Meatball Shop,3
1477563,385426,Shake Shack,5
1477302,52832,Don's Bogam BBQ & Wine Bar,Not given
1478217,62161,Tamarind TriBeCa,4
1478341,254913,Shake Shack,4
1477200,289597,Han Dynasty,Not given
1476982,47440,Bareburger,5
1478367,100999,Blue Ribbon Sushi Izakaya,Not given
1477852,74412,da Umberto,Not given
1477325,54110,Parm,4
1477524,236739,Xi'an Famous Foods,5
1477430,182252,Five Leaves,5
1477197,345062,Alidoro,Not given
1476763,142170,RedFarm Broadway,4
1476893,164131,Tony's Di Napoli,Not given
1476884,167828,Shake Shack,Not given
1477693,67345,Bareburger,4
1478170,208186,Blue Ribbon Sushi Izakaya,Not given
1477676,78939,Blue Ribbon Sushi,5
1477637,227992,Nobu Next Door,Not given
1477922,304587,Westville Hudson,5
1478151,62941,Cipriani Le Specialita,5
1477219,389155,The Meatball Shop,3
1478018,304112,Shake Shack,5
1477998,90113,Blue Ribbon Sushi,5
1477170,197832,The Meatball Shop,Not given
1478282,221394,Cafe Habana,4
1477826,381020,RedFarm Broadway,4
1477890,284835,Shake Shack,3
1477045,143511,Chipotle Mexican Grill $1.99 Delivery,Not given
1478430,133701,The Loop,5
1477160,61181,The Meatball Shop,4
1477605,91907,Momoya,Not given
1478351,78939,Blue Ribbon Sushi,5
1477017,175101,TAO,Not given
1478202,345429,Burger Joint,5
1478053,125262,Barbounia,Not given
1476933,375704,Shake Shack,3
1476656,124596,RedFarm Hudson,Not given
1478071,70315,Five Guys Burgers and Fries,4
1476800,183520,Blue Ribbon Sushi,Not given
1477568,296554,Blue Ribbon Fried Chicken,5
1478332,146456,Five Guys Burgers and Fries,Not given
1477504,71613,Empanada Mama (closed),4
1477597,49010,Shake Shack,5
1478001,64153,Blue Ribbon Fried Chicken,3
1477127,314480,Shake Shack,5
1477846,52574,Blue Ribbon Sushi,5
1477297,164131,Tony's Di Napoli,Not given
1477838,52256,Han Dynasty,5
1477112,65806,Blue Ribbon Fried Chicken,Not given
1477355,79215,Blue Ribbon Sushi,Not given
1477365,61181,Shake Shack,5
1477266,85422,Saravanaa Bhavan,5
1477800,344268,Sushi Choshi,3
1478428,53543,The Smile,5
1478400,353331,Chipotle Mexican Grill $1.99 Delivery,Not given
1478403,294478,RedFarm Broadway,4
1477970,198802,Cafe Habana,5
1476928,58205,The Meatball Shop,Not given
1477020,91108,Rubirosa,5
1477973,245264,RedFarm Hudson,5
1478406,129122,Sarabeth's East,Not given
1477701,328551,Kanoyama,5
1477318,42408,UVA Wine Bar & Restaurant,5
1477438,94132,Parm,Not given
1478376,67133,RedFarm Broadway,5
1477367,343554,Blue Ribbon Fried Chicken,5
1477754,133222,P.J. Clarke's,5
1478280,91722,Shake Shack,5
1478412,43018,RedFarm Hudson,Not given
1476887,142356,Blue Ribbon Sushi,Not given
1478382,144997,Nobu Next Door,4
1478115,93308,Shake Shack,4
1476782,367449,The Meatball Shop,5
1478178,125834,The Meatball Shop,5
1478294,390459,Shake Shack,Not given
1477854,58025,Tamarind TriBeCa,Not given
1477189,54630,V-Nam Cafe,5
1476894,384698,Don's Bogam BBQ & Wine Bar,3
1476807,79215,Blue Ribbon Sushi,3
1477937,98735,The Meatball Shop,5
1478407,386766,Parm,Not given
1478199,70001,Han Dynasty,Not given
1478389,68775,Sushi of Gari Tribeca,Not given
1478103,130956,Blue Ribbon Sushi,5
1476824,259341,Momoya,4
1478441,228541,RedFarm Hudson,Not given
1478399,264399,Han Dynasty,Not given
1477635,124393,Amma,5
1476797,357592,Blue Ribbon Sushi,3
1476652,232035,ilili Restaurant,Not given
1478196,97991,Blue Ribbon Sushi Bar & Grill,Not given
1477862,317660,Shake Shack,Not given
1478141,150865,Vanessa's Dumpling House,Not given
1476962,342777,Blue Ribbon Sushi,3
1477959,175290,Otto Enoteca Pizzeria,5
1477426,135769,Blue Ribbon Sushi,5
1478049,259341,TAO,3
1477811,373152,Blue Ribbon Sushi,5
1478068,222073,The Smile,5
1477002,133202,ilili Restaurant,3
1477139,139755,Tortaria,5
1478150,97806,Shake Shack,4
1476603,48677,Shake Shack,Not given
1476752,27365,Nobu Next Door,Not given
1477073,87752,Shake Shack,5
1477823,50260,Bareburger,4
1476684,35631,Shake Shack,5
1477892,196320,Parm,4
1477481,47440,Bareburger,3
1477538,184085,Hill Country Fried Chicken,4
1476626,84087,The Meatball Shop,Not given
1477557,140501,The Meatball Shop,5
1477684,39275,TAO,5
1477865,120490,Parm,Not given
1477612,56722,Shake Shack,Not given
1476620,54110,Tamarind TriBeCa,4
1477244,47386,Bubby's ,4
1477231,63147,Shake Shack,4
1477576,105087,Rubirosa,4
1478203,41907,Hatsuhana,5
1476890,83469,Han Dynasty,3
1477059,67487,Blue Ribbon Sushi,4
1477038,96877,The Meatball Shop,5
1478220,399729,Blue Ribbon Sushi,4
1477459,149984,Sushi of Gari 46,Not given
1478214,103049,TAO,5
1476636,232214,Terakawa Ramen,4
1477807,38050,Blue Ribbon Sushi,Not given
1477841,18902,Rubirosa,4
1476998,140279,Blue Ribbon Sushi Bar & Grill,Not given
1477900,276192,Sushi of Gari Tribeca,5
1477173,68300,Blue Ribbon Fried Chicken,Not given
1476876,325285,RedFarm Broadway,3
1477496,132137,Parm,Not given
1476845,55334,Blue Ribbon Sushi,5
1476642,277898,Blue Ribbon Fried Chicken,Not given
1477801,268365,Zero Otto Nove,4
1477594,47440,Bareburger,3
1478318,263426,TAO,5
1476734,148327,Shake Shack,Not given
1477202,259341,Joe's Shanghai _Àü£¾÷´,5
1478180,270525,The Smile,5
1477992,65589,Blue Ribbon Sushi Izakaya,5
1477164,74424,Shake Shack,3
1478386,240093,The Meatball Shop,5
1476756,263426,Shake Shack,3
1477989,102801,ilili Restaurant,5
1477972,97806,Shake Shack,4
1477452,107240,Shake Shack,5
1477578,385150,Blue Ribbon Sushi,4
1478208,371590,The Meatball Shop,5
1477215,27609,Blue Ribbon Sushi Bar & Grill,5
1477479,373152,Blue Ribbon Sushi,Not given
1476675,235818,Shake Shack,4
1476854,47440,Blue Ribbon Fried Chicken,4
1478275,334758,Five Guys Burgers and Fries,5
1477604,128711,RedFarm Hudson,3
1477039,338923,Hill Country Fried Chicken,3
1477100,164005,Sushi of Gari,Not given
1478008,374826,Dos Caminos,5
1478298,79343,Blue Ribbon Sushi Bar & Grill,Not given
1477085,103852,J. G. Melon,5
1477052,35993,Mira Sushi,Not given
1478042,201542,TAO,4
1476605,366975,Blue Ribbon Sushi Bar & Grill,Not given
1477825,389740,L'Express,5
1476735,369272,Blue Ribbon Sushi Bar & Grill,5
1476686,45396,Blue Ribbon Sushi,5
1478435,350180,RedFarm Hudson,5
1476802,318451,Blue Ribbon Sushi,4
1478416,378027,RedFarm Broadway,4
1477893,63513,Mamoun's Falafel,Not given
1477018,53947,Shake Shack,5
1477706,68258,Jack's Wife Freda,Not given
1476971,250494,Parm,5
1477470,350659,Shake Shack,4
1477755,107909,Cafeteria,3
1478084,110461,Blue Ribbon Sushi,4
1478163,372722,Shake Shack,Not given
1478431,245862,S'MAC,5
1477559,127149,P.J. Clarke's,5
1477666,368295,Blue Ribbon Fried Chicken,5
1477746,288777,Don's Bogam BBQ & Wine Bar,4
1478358,371806,The Meatball Shop,5
1476863,40010,The Meatball Shop,Not given
1477041,52832,Junoon,Not given
1478438,114085,Blue Ribbon Sushi Bar & Grill,3
1476616,348096,Parm,5
1476968,99621,Jack's Wife Freda,5
1478045,97420,Yama 49,5
1477660,304365,Sarabeth's Restaurant,5
1476584,363561,Shake Shack,3
1477619,75251,Blue Ribbon Fried Chicken,Not given
1477033,59105,Sushi of Gari 46,3
1477308,321255,Shake Shack,Not given
1476588,128711,RedFarm Hudson,3
1476713,58434,Blue Ribbon Sushi Izakaya,4
1477036,162330,Shake Shack,Not given
1477340,186473,Blue Ribbon Sushi,5
1477682,35432,TAO,Not given
1477514,178172,The Meatball Shop,4
1477046,302132,Dos Caminos Soho,5
1477593,322787,Parm,5
1476716,37982,Saravanaa Bhavan,5
1477357,5444,Go! Go! Curry!,3
1476576,297130,Blue Ribbon Sushi,5
1477888,40500,J. G. Melon,Not given
1476814,64621,La Follia,Not given
1477212,49631,The Meatball Shop,Not given
1477078,115231,Izakaya Ten,5
1477061,390436,Blue Ribbon Sushi,5
1477116,126730,The Kati Roll Company,5
1478128,320187,TAO,5
1477118,105837,Nobu Next Door,4
1476646,103147,Hot Kitchen,5
1478286,102580,Blue Ribbon Sushi Izakaya,4
1477876,129823,Rubirosa,Not given
1478443,96943,Cafe Mogador,4
1478195,115519,Blue Ribbon Fried Chicken,4
1477787,14869,Shake Shack,4
1477093,318545,Serafina Fabulous Pizza,3
1477140,366954,Blue Ribbon Sushi,5
1477024,68154,Nobu Next Door,5
1478035,178846,Blue Ribbon Fried Chicken,4
1477541,196928,Han Dynasty,Not given
1477499,306119,Xi'an Famous Foods,4
1478085,42930,Tony's Di Napoli,4
1477374,177078,Lantern Thai Kitchen,Not given
1477882,80737,RedFarm Broadway,Not given
1477713,314908,Blue Ribbon Fried Chicken,3
1477115,87752,Shake Shack,5
1476658,127149,P.J. Clarke's,4
1477491,276192,Sushi of Gari Tribeca,Not given
1477867,138426,Tony's Di Napoli,5
1478097,252342,Westville Hudson,3
1478401,112272,The Kati Roll Company,Not given
1477382,69025,Han Dynasty,5
1478414,41409,Nobu Next Door,Not given
1477638,113507,Parm,Not given
1477183,127934,Blue Ribbon Fried Chicken,5
1477681,225912,12 Chairs,4
1477582,297130,Blue Ribbon Sushi,Not given
1477190,397588,Kanoyama,Not given
1477043,142356,Blue Ribbon Sushi,4
1477136,120490,Parm,4
1476972,111356,Bhatti Indian Grill,Not given
1476627,120385,Westville Hudson,5
1477148,385406,The Meatball Shop,Not given
1478165,54851,RedFarm Hudson,Not given
1476622,399332,Philippe Chow,5
1477246,39705,Bukhara Grill,5
1477512,44759,Sushi of Gari Tribeca,Not given
1477696,54809,RedFarm Broadway,5
1476578,97079,Donburi-ya,Not given
1477171,229946,Chipotle Mexican Grill $1.99 Delivery,3
1477960,375098,12 Chairs,Not given
1478260,41991,Blue Ribbon Sushi Bar & Grill,Not given
1476720,91958,Dirty Bird To Go (archived),4
1476767,83287,Blue Ribbon Sushi Izakaya,5
1477839,75548,The MasalaWala,4
1477462,304707,Han Dynasty,5
1477120,285774,Blue Ribbon Sushi,5
1476858,385350,Blue Ribbon Sushi,5
1476967,129798,TAO,Not given
1477808,123977,Vezzo Thin Crust Pizza,5
1477902,91114,Shake Shack,4
1477416,123977,Vezzo Thin Crust Pizza,Not given
1476833,388420,Sushi of Gari 46,5
1476813,261665,Han Dynasty,5
1477907,213212,Blue Ribbon Fried Chicken,Not given
1477668,160957,Han Dynasty,5
1477306,94691,brgr,3
1478257,41877,Cafe Mogador,4
1477662,6987,Hill Country Fried Chicken,Not given
1478161,52327,Sushi of Gari,Not given
1478225,142574,Sushi of Gari,Not given
1476839,107909,Shake Shack,Not given
1477847,106478,Blue Ribbon Sushi,4
1476718,35643,Vanessa's Dumpling House,5
1478429,355090,Shake Shack,5
1476885,133349,Vanessa's Dumplings,5
1478230,97346,RedFarm Hudson,3
1478162,241080,TAO,4
1477645,343554,Blue Ribbon Fried Chicken,3
1477583,370096,Melt Shop,4
1477214,98319,Five Guys Burgers and Fries,5
1477529,377260,The Smile,3
1477648,110792,Blue Ribbon Sushi,Not given
1476874,60901,RedFarm Hudson,5
1477097,132906,Sushi of Gari 46,Not given
1477974,41907,Parm,4
1478036,186976,Burger Joint,4
1478371,258275,Cafe Habana,Not given
1476730,344577,Chipotle Mexican Grill $1.99 Delivery,4
1476768,72757,Jack's Wife Freda,Not given
1476786,103852,Blue Ribbon Sushi,5
1478242,372276,Pinto Nouveau Thai Bistro,5
1477773,72726,Shake Shack,5
1477063,317446,The Meatball Shop,5
1477419,186454,Shake Shack,5
1476864,381020,RedFarm Broadway,4
1476791,390484,RedFarm Broadway,4
1477054,351799,Sushi of Gari Tribeca,5
1478184,232359,The Meatball Shop,5
1476851,361220,Carmine's,5
1476597,373059,Shake Shack,Not given
1477241,42828,Jack's Wife Freda,5
1477282,241719,Sushi of Gari Tribeca,4
1477874,41168,Parm,Not given
1476852,369809,Five Guys Burgers and Fries,3
1476958,41638,Blue Ribbon Fried Chicken,4
1477226,361728,The Meatball Shop,Not given
1477327,328731,Nobu Next Door,Not given
1476905,360844,Blue Ribbon Sushi Bar & Grill,5
1478433,94700,Haandi,Not given
1476666,205241,Shake Shack,4
1476552,334758,Melt Shop,4
1477137,157578,P.J. Clarke's,5
1477440,127934,Blue Ribbon Fried Chicken,4
1477545,144352,Shake Shack,Not given
1478215,92726,Sarabeth's East,4
1478301,184325,Asuka Sushi,5
1477294,39334,The Meatball Shop,5
1477235,115841,Rubirosa,Not given
1478012,114919,Yama Japanese Restaurant,Not given
1477005,87006,Nobu Next Door,Not given
1476600,141912,P.J. Clarke's,Not given
1478270,303548,Shake Shack,4
1477299,60039,ilili Restaurant,4
1477388,396432,Blue Ribbon Sushi Izakaya,Not given
1477221,125510,Blue Ribbon Sushi Izakaya,3
1476691,68775,Sushi of Gari Tribeca,Not given
1476838,51356,Burger Joint,Not given
1477913,92096,Aurora,Not given
1477453,83287,Shake Shack,5
1477946,81152,Hill Country Fried Chicken,5
1477395,56219,Parm,5
1478404,97991,Blue Ribbon Sushi Bar & Grill,5
1476567,122609,Blue Ribbon Sushi,5
1476903,53874,Sarabeth's,3
1478374,64151,Rubirosa,3
1476764,44049,Sushi Samba,4
1476629,317993,Melt Shop,3
1476936,260035,Blue Ribbon Sushi Bar & Grill,Not given
1478342,142681,Osteria Morini,Not given
1477229,72339,Hatsuhana,4
1476961,112272,Blue Ribbon Sushi,Not given
1477332,43018,RedFarm Hudson,5
1478193,83287,Five Guys Burgers and Fries,Not given
1478410,84087,The Meatball Shop,5
1477080,67848,The Kati Roll Company,Not given
1477169,46696,Blue Ribbon Sushi Bar & Grill,5
1476761,64153,Blue Ribbon Fried Chicken,5
1477584,275689,Cafe Habana,4
1477916,121706,Blue Ribbon Fried Chicken,Not given
1476561,115213,Tamarind TriBeCa,Not given
1477072,113507,Parm,Not given
1476755,331143,Waverly Diner,Not given
1478293,84045,Barbounia,Not given
1477142,87151,Rubirosa,4
1477494,300003,Crema Restaurante,Not given
1477176,260680,Tamarind TriBeCa,3
1478383,121905,Shake Shack,3
1476917,58675,Big Daddy's,5
1478082,103005,Yama Japanese Restaurant,Not given
1477502,367076,Sushi of Gari 46,Not given
1477734,81658,The Meatball Shop,5
1477151,97991,Blue Ribbon Sushi Bar & Grill,4
1478333,93437,Sushi of Gari 46,5
1477013,52832,Donburi-ya,5
1476949,14869,Pepe Rosso To Go,Not given
1477779,39275,TAO,Not given
1478131,395616,Parm,3
1477769,129798,TAO,Not given
1478099,97255,Parm,Not given
1476810,95164,Amma,Not given
1477279,35432,TAO,3
1478309,127130,Momoya,4
1477368,132137,Parm,4
1477409,146588,Shake Shack,3
1477506,283831,Blue Ribbon Sushi Bar & Grill,5
1476888,342107,Shake Shack,5
1477579,349854,Shake Shack,5
1477977,43856,Han Dynasty,5
1478336,138426,Tony's Di Napoli,5
1477649,106478,Cafe Mogador,5
1477108,47280,Blue Ribbon Sushi,3
1477947,78560,The Meatball Shop,3
1477488,344586,Sushi of Gari 46,4
1477236,1311,Chipotle Mexican Grill $1.99 Delivery,Not given
1478392,77511,Parm,4
1476940,197633,Sushi of Gari 46,4
1477671,393765,Nobu Next Door,5
1476742,92096,Aurora,Not given
1478177,80683,Blue Ribbon Sushi,4
1477035,141496,Dickson's Farmstand Meats,5
1477923,75115,RedFarm Hudson,3
1478054,170221,Shake Shack,Not given
1477590,145952,Blue Ribbon Sushi,Not given
1477984,353676,indikitch,4
1476828,52832,Donburi-ya,Not given
1477234,91817,Melt Shop,5
1477829,164529,Blue Ribbon Sushi,4
1477191,93797,ilili Restaurant,5
1477509,382076,Shake Shack,Not given
1477950,301032,Blue Ribbon Fried Chicken,4
1476679,241719,Blue Ribbon Sushi Izakaya,5
1478388,285143,Pepe Rosso To Go,4
1478078,54608,Tamarind TriBeCa,5
1477443,105903,Shake Shack,4
1477272,143984,The Smile,Not given
1476868,122609,Blue Ribbon Sushi Izakaya,Not given
1478432,331143,Waverly Diner,3
1476988,94115,Moonstruck on Second,5
1476762,367111,Blue Ribbon Sushi Bar & Grill,Not given
1477925,347181,RedFarm Hudson,Not given
1478145,42461,Melt Shop,4
1477042,209179,RedFarm Broadway,Not given
1476834,176622,Cafe Mogador,Not given
1477446,88333,The Meatball Shop,Not given
1477727,333311,Blue Ribbon Sushi Izakaya,Not given
1476812,83287,Shake Shack,4
1477948,141550,Serafina Fabulous Pizza,4
1477739,63096,Rubirosa,5
1476801,104130,Ravagh Persian Grill,5
1477530,64754,The Kati Roll Company,4
1478140,62730,Westville Hudson,Not given
1477398,87357,Five Guys Burgers and Fries,5
1477575,367800,Cafe Mogador,Not given
1477780,303409,TAO,Not given
1477726,268958,Osteria Morini,Not given
1477703,121681,Momoya,5
1476631,57263,Nobu Next Door,Not given
1476822,284256,Empanada Mama (closed),5
1477869,125854,Shake Shack,4
1478245,52832,Junoon,5
1477250,41409,Nobu Next Door,4
1477591,97806,Shake Shack,Not given
1477840,35309,Blue Ribbon Sushi,5
1477613,186473,Blue Ribbon Sushi,Not given
1477129,52832,Han Dynasty,Not given
1476670,355970,The Meatball Shop,3
1478155,5693,The Meatball Shop,Not given
1477928,70709,RedFarm Hudson,Not given
1478233,264707,TAO,3
1477622,84087,The Meatball Shop,5
1478130,114410,The Meatball Shop,Not given
1477698,60835,Parm,5
1478080,312853,Five Guys Burgers and Fries,5
1477533,236739,Xi'an Famous Foods,5
1476729,396481,Han Dynasty,Not given
1477980,385150,Blue Ribbon Sushi,Not given
1478019,106006,Blue Ribbon Sushi Izakaya,3
1477505,399832,The Kati Roll Company,5
1477204,376578,Shake Shack,4
1477988,82041,Parm,4
1478345,365871,Cafe de La Esquina,5
1478413,318689,Olive Garden,5
1476639,399172,Blue Ribbon Fried Chicken,Not given
1477985,325272,Cho Dang Gol,4
1477198,86449,The Meatball Shop,3
1476973,101746,Cafeteria,Not given
1477961,167738,Jack's Wife Freda,5
1477092,144851,Benihana,Not given
1477866,44706,Blue Ribbon Sushi,5
1478041,96456,67 Burger,5
1477860,209179,RedFarm Broadway,4
1478232,77371,Blue Ribbon Sushi Bar & Grill,4
1477023,99288,Boqueria,Not given
1477455,38336,Rubirosa,4
1477709,110461,Blue Ribbon Sushi,3
1477263,291667,Shake Shack,5
1477242,63890,Blue Ribbon Sushi,5
1476788,310706,Parm,5
1477783,73895,RedFarm Broadway,5
1478231,141732,Blue Ribbon Fried Chicken,Not given
1476798,110858,Burger Joint,4
1477432,345798,Yama Japanese Restaurant,Not given
1478044,354719,Jack's Wife Freda,Not given
1477789,185355,Sushi Samba,5
1477736,361701,Westville Hudson,5
1478235,114234,The Meatball Shop,Not given
1478156,41968,Shake Shack,Not given
1478262,48851,Melt Shop,Not given
1476554,368663,Shake Shack,Not given
1476787,78887,TAO,4
1476744,71743,Serafina Fabulous Pizza,Not given
1476951,331143,Waverly Diner,3
1477429,252965,Five Guys Burgers and Fries,4
1476986,298794,TAO,4
1477441,275689,Blue Ribbon Sushi,Not given
1477667,106478,Balthazar Boulangerie,5
1476583,62929,Bareburger,5
1478030,131093,Bareburger,3
1478373,40808,V-Nam Cafe,3
1477634,387227,Blue Ribbon Sushi Bar & Grill,Not given
1476591,128224,Blue Ribbon Sushi,3
1476704,325285,RedFarm Hudson,Not given
1478216,142619,Shake Shack,4
1478066,156218,RedFarm Hudson,5
1477626,122802,Parm,Not given
1476861,94700,Tamarind TriBeCa,3
1476899,335155,Shake Shack,4
1478248,113926,Han Dynasty,5
1477827,65009,Blue Ribbon Sushi Izakaya,5
1477227,373689,Bareburger,Not given
1478034,77786,Sushi of Gari Tribeca,Not given
1478181,97079,Benihana,4
1477489,14869,Tres Carnes,4
1476804,113477,Schnipper's Quality Kitchen,Not given
1478004,54540,Parm,Not given
1477650,284835,Shake Shack,5
1478069,130521,Lucky's Famous Burgers,5
1477175,47235,Blue Ribbon Fried Chicken,3
1477943,294478,Sushi of Gari 46,Not given
1477467,164005,Sushi of Gari,Not given
1477474,357761,Go! Go! Curry!,Not given
1477996,82041,Shake Shack,5
1477782,275689,Dirty Bird to Go,Not given
1477527,120353,Parm,4
1476837,147468,Nha Trang One,3
1477686,105837,Nobu Next Door,4
1476795,103970,Shake Shack,Not given
1477599,60270,Market Table,Not given
1477564,378820,Sushi Samba,5
1476733,264707,TAO,Not given
1477753,65306,Sushi of Gari Tribeca,Not given
1476825,143866,Otto Enoteca Pizzeria,Not given
1478010,49987,Parm,5
1477113,6987,Hill Country Fried Chicken,4
1476549,75169,Tamarind TriBeCa,5
1476676,186473,Blue Ribbon Sushi,Not given
1477595,370337,Blue Ribbon Fried Chicken,Not given
1477618,184325,Asuka Sushi,Not given
1477911,65306,Sushi of Gari Tribeca,5
1476630,182252,Five Leaves,4
1477546,67162,Shake Shack,4
1477320,397261,Blue Ribbon Fried Chicken,5
1477084,283051,Shake Shack,5
1476726,41907,Hatsuhana,Not given
1478427,86806,Pylos,4
1476743,183520,Blue Ribbon Sushi,Not given
1478238,59314,Shake Shack,Not given
1476695,68300,Blue Ribbon Fried Chicken,Not given
1476573,370405,Haveli Indian Restaurant,3
1478323,354948,Westville Hudson,Not given
1477735,302769,Blue Ribbon Fried Chicken,5
1477674,334372,Rubirosa,Not given
1478006,42781,Blue Ribbon Sushi,Not given
1478033,67748,Rubirosa,4
1478186,302923,Shake Shack,3
1477776,115213,Tamarind TriBeCa,5
1478312,398952,Han Dynasty,5
1477757,60688,Shake Shack,Not given
1477291,198194,The Kati Roll Company,5
1478168,78879,Blue Ribbon Fried Chicken,4
1477269,255697,Sushi Samba,5
1477896,42052,Pepe Rosso To Go,5
1477507,146588,Shake Shack,5
1478271,347181,RedFarm Hudson,5
1477853,115213,Junoon,5
1477001,318451,Blue Ribbon Sushi,Not given
1476948,86421,Vanessa's Dumpling House,5
1478347,251817,Blue Ribbon Fried Chicken,3
1478098,132906,Sushi of Gari 46,Not given
1477457,92806,Shake Shack,5
1477393,79849,Parm,4
1476956,55220,Saravanaa Bhavan,Not given
1477653,142619,Shake Shack,5
1477261,76938,Sushi of Gari,Not given
1478127,78879,Blue Ribbon Fried Chicken,3
1476556,301380,ilili Restaurant,4
1477280,377274,RedFarm Broadway,3
1477968,350083,Sushi of Gari,4
1476784,105385,Han Dynasty,5
1478255,382076,Shake Shack,Not given
1478224,74048,ilili Restaurant,Not given
1476672,105385,Han Dynasty,4
1478240,44367,Rubirosa,4
1477864,81166,Dos Caminos,Not given
1476869,241356,Blue Ribbon Fried Chicken,Not given
1476886,320088,Cafe Mogador,4
1478101,105068,TAO,5
1476712,385150,Blue Ribbon Sushi,5
1477083,308517,Tamarind TriBeCa,4
1478164,138024,Cho Dang Gol,5
1477390,199049,Five Guys Burgers and Fries,4
1478273,65009,Blue Ribbon Sushi Izakaya,Not given
1476900,240014,Sarabeth's,4
1477060,94152,Empanada Mama (closed),Not given
1477697,362685,Momoya,4
1477833,27609,Shake Shack,Not given
1477295,140530,Sushi of Gari 46,Not given
1476655,91817,Blue Ribbon Fried Chicken,4
1477585,350410,Burger Joint,Not given
1478175,349676,Sarabeth's,5
1477982,39421,Go! Go! Curry!,4
1476697,46219,The Meatball Shop,3
1477053,398489,Five Guys Burgers and Fries,Not given
1477152,92364,Sushi of Gari 46,Not given
1478308,358158,Galli Restaurant,5
1478028,44594,Shake Shack,5
1477555,361497,V-Nam Cafe,4
1478137,209418,Izakaya Ten,3
1477803,165110,Room Service,Not given
1476771,365225,P.J. Clarke's,5
1478362,134152,The Meatball Shop,5
1476722,328551,Kanoyama,5
1477503,99621,Westville Hudson,Not given
1478126,113972,Parm,Not given
1478076,96800,Sarabeth's East,Not given
1477350,59095,Blue Ribbon Fried Chicken,5
1478111,366954,Blue Ribbon Sushi,4
1477976,69348,RedFarm Broadway,5
1477439,113926,Five Guys Burgers and Fries,Not given
1477469,96943,Cafe Mogador,Not given
1478314,338599,Yama Japanese Restaurant,Not given
1476641,57943,brgr,Not given
1478194,67937,Shake Shack,5
1477293,316402,The Meatball Shop,Not given
1477884,348096,Parm,4
1477351,150577,Sushi of Gari Tribeca,5
1476907,87006,Nobu Next Door,5
1477817,335897,Sushi of Gari 46,4
1477408,125542,Hampton Chutney Co.,4
1477953,39334,The Meatball Shop,4
1477924,288808,The Meatball Shop,5
1477995,140477,Momoya,Not given
1476709,105837,Nobu Next Door,Not given
1478188,99288,The Meatball Shop,Not given
1477153,120353,Parm,Not given
1477802,85091,The Meatball Shop,4
1477715,217363,Jack's Wife Freda,5
1478263,201535,Blue Ribbon Fried Chicken,Not given
1477669,260844,Byblos Restaurant,3
1478187,111411,Blue Ribbon Sushi,Not given
1476559,47440,Bareburger,4
1477464,320187,TAO,Not given
1477143,165695,The Smile,Not given
1476683,263075,Burger Joint,Not given
1477358,83287,Boqueria,Not given
1478149,303548,Shake Shack,3
1477761,123977,Blue Ribbon Sushi,5
1478311,326505,Blue Ribbon Fried Chicken,5
1477956,177078,Lantern Thai Kitchen,5
1476925,354719,The Meatball Shop,5
1476950,270444,P.J. Clarke's,Not given
1477363,51675,Blue Ribbon Sushi,Not given
1476832,385191,Donburi-ya,5
1476681,68258,Parm,4
1478100,62667,Balthazar Boulangerie,Not given
1478218,209418,Izakaya Ten,Not given
1477655,96666,Empanada Mama (closed),5
1477553,52037,L'Express,Not given
1477957,285937,TAO,4
1476692,175327,Nobu Next Door,3
1478172,125123,Sushi Samba,Not given
1476836,68551,Blue Ribbon Sushi Bar & Grill,Not given
1477009,396815,Blue Ribbon Fried Chicken,Not given
1477510,231061,Han Dynasty,5
1477954,130237,Tamarind TriBeCa,5
1476609,48677,Shake Shack,Not given
1476785,78939,Blue Ribbon Sushi,Not given
1477182,383826,Song Thai Restaurant & Bar,5
1477979,201438,S'MAC,Not given
1477304,88406,The Meatball Shop,4
1476823,60039,Blue Ribbon Sushi,Not given
1478434,40500,J. G. Melon,5
1477411,143721,Hummus Place,5
1477720,215219,Empanada Mama (closed),4
1476638,46696,Blue Ribbon Sushi Bar & Grill,5
1478411,361846,RedFarm Broadway,Not given
1477166,402215,RedFarm Hudson,4
1477338,81110,Hill Country Fried Chicken,4
1477003,120833,Bareburger,Not given
1477565,65009,Blue Ribbon Fried Chicken,5
1477842,299221,RedFarm Broadway,Not given
1478328,58898,Rubirosa,5
1477289,72322,Cafe Mogador,3
1478146,207281,Shake Shack,5
1476662,115213,Tamarind TriBeCa,5
1476991,81828,The Meatball Shop,3
1477433,283331,Dickson's Farmstand Meats,5
1478250,369272,Blue Ribbon Sushi,Not given
1478239,400390,Shake Shack,4
1477370,89889,Sushi of Gari 46,5
1477580,79849,Chipotle Mexican Grill $1.99 Delivery,Not given
1478091,369272,Blue Ribbon Sushi Bar & Grill,Not given
1477795,169478,RedFarm Broadway,4
1477903,47440,Bareburger,Not given
1478439,48444,TAO,4
1476731,94480,TAO,Not given
1476827,148649,Blue Ribbon Sushi,Not given
1476777,69749,Blue Ribbon Sushi,Not given
1478027,41907,Parm,Not given
1476811,47386,Barbounia,5
1477184,108659,Rubirosa,Not given
1477119,47594,Shake Shack,Not given
1478021,97991,Blue Ribbon Sushi Bar & Grill,Not given
1476990,301032,Mission Cantina,5
1478329,116992,Tres Carnes,4
1478385,250494,Blue Ribbon Fried Chicken,5
1477300,232359,The Meatball Shop,4
1477275,58088,Sushi of Gari 46,4
1477994,127130,Momoya,5
1477123,270525,The Smile,4
1476758,120504,Schnipper's Quality Kitchen,5
1477940,42274,Joe's Shanghai _Àü£¾÷´,3
1477089,398930,RedFarm Broadway,Not given
1476587,355713,TAO,5
1478015,364714,Nobu Next Door,Not given
1478023,243910,Nobu Next Door,3
1476766,45837,Shake Shack,4
1477347,66636,Shake Shack,Not given
1478339,35643,Vanessa's Dumpling House,5
1477647,359228,Yama Japanese Restaurant,Not given
1477478,140757,Parm,Not given
1477180,154339,Chipotle Mexican Grill $1.99 Delivery,Not given
1478110,250494,Shake Shack,Not given
1476632,120385,Westville Hudson,Not given
1478352,142192,Otto Enoteca Pizzeria,5
1477079,49086,Jack's Wife Freda,4
1477384,127445,Shake Shack,4
1477262,43636,Blue Ribbon Fried Chicken,4
1476602,88078,RedFarm Hudson,5
1477741,46859,The Meatball Shop,Not given
1478370,57638,Grand Sichuan International,5
1477232,275689,Nobu Next Door,Not given
1477444,88075,Shake Shack,4
1478346,66498,Shake Shack,Not given
1477539,152675,Tres Carnes,Not given
1477172,59749,Bareburger,4
1477418,387102,Vanessa's Dumplings,4
1476937,142045,Shake Shack,Not given
1477962,59703,Big Daddy's,5
1477630,355090,Shake Shack,Not given
1477497,76942,Sarabeth's Restaurant,5
1477930,100065,Han Dynasty,Not given
1476778,276192,Sushi of Gari Tribeca,Not given
1477155,50563,J. G. Melon,4
1478139,107909,Shake Shack,Not given
1477317,61889,Parm,4
1476694,91105,Cafe Mogador,4
1476987,88078,RedFarm Hudson,3
1476942,118975,Shake Shack,Not given
1477344,99621,Jack's Wife Freda,3
1477813,260844,Byblos Restaurant,Not given
1477417,355759,Pinto Nouveau Thai Bistro,5
1476671,49620,Cafe Habana,3
1477805,290313,RedFarm Broadway,Not given
1477305,45846,The Meatball Shop,5
1477223,303548,J. G. Melon,5
1478394,106940,Blue Ribbon Sushi,3
1477963,115519,Blue Ribbon Fried Chicken,5
1477861,125320,Shake Shack,5
1477201,332635,TAO,4
1478253,67345,Parm,5
1476607,197633,Sushi of Gari 46,Not given
1477540,341136,Blue Ribbon Sushi,4
1478117,56642,Bareburger,Not given
1477515,95049,Sushi of Gari 46,Not given
1477329,80737,RedFarm Broadway,3
1477218,333216,Shake Shack,5
1476633,137565,Shake Shack,5
1476776,125123,Le Grainne Cafe,5
1477447,398952,Han Dynasty,Not given
1477878,62730,Westville Hudson,5
1478122,96262,Cafe Habana,5
1476601,270789,Vanessa's Dumplings,Not given
1478206,108659,Osteria Morini,3
1478326,82901,Il Bambino,4
1477691,366327,Parm,5
1477845,127056,Blue Ribbon Sushi,5
1478300,175703,The Meatball Shop,Not given
1478147,372415,Five Guys Burgers and Fries,Not given
1476719,77540,Parm,3
1476765,147519,Sushi of Gari Tribeca,4
1476985,64370,The Meatball Shop,Not given
1478317,128216,Shake Shack,4
1477461,241719,Kori Restaurant and Bar,4
1477028,60052,RedFarm Broadway,5
1477672,59742,J. G. Melon,3
1478307,365225,Sarabeth's Restaurant,Not given
1477971,210544,DespaÌ±a,Not given
1477225,140530,Sushi of Gari 46,Not given
1477146,49793,Yama Japanese Restaurant,5
1477460,134058,The Meatball Shop,5
1477848,276192,12 Chairs,5
1478138,50323,Rubirosa,Not given
1476918,135769,Blue Ribbon Sushi,Not given
1477935,378482,Lamarca Pasta,Not given
1477549,297130,L'Express,5
1476932,301032,Mission Cantina,Not given
1477574,212326,RedFarm Broadway,Not given
1477596,334596,Chipotle Mexican Grill $1.99 Delivery,Not given
1477258,83287,Blue Ribbon Sushi Izakaya,Not given
1477849,117033,P.J. Clarke's,Not given
1477328,342126,Parm,4
1478022,94152,Empanada Mama (closed),5
1477284,40745,Parm,3
1477717,155555,Sushi of Gari 46,Not given
1476926,349854,Cho Dang Gol,Not given
1477331,384390,El Parador Cafe,Not given
1478284,139885,Blue Ribbon Fried Chicken,5
1477245,375585,TAO,Not given
1477006,119465,Cafe Mogador,5
1477008,373750,Blue Ribbon Brooklyn,4
1477341,127122,RedFarm Broadway,Not given
1477967,101241,Empanada Mama (closed),Not given
1477208,365244,Bareburger,5
1478050,54189,Nobu Next Door,Not given
1476699,56722,The Meatball Shop,5
1477451,125262,Rubirosa,Not given
1477179,52832,L'Express,Not given
1477313,395616,Parm,5
1477074,317904,Rubirosa,Not given
1478051,139639,Sushi of Gari 46,3
1477071,78939,Nobu Next Door,5
1478368,64153,Burger Joint,5
1476859,62667,Sarabeth's Restaurant,4
1478393,80795,Tamarind TriBeCa,5
1477345,339144,The Meatball Shop,Not given
1476707,144133,Shake Shack,4
1477064,134058,The Meatball Shop,Not given
1477543,59105,Sushi of Gari 46,5
1476680,44472,Blue Ribbon Sushi Izakaya,3
1476816,344079,Olea,4
1477589,214028,Boqueria,4
1477899,165485,Parm,Not given
1478043,264707,The Meatball Shop,5
1476665,41246,Shake Shack,Not given
1477298,361728,The Meatball Shop,4
1476793,77339,Rubirosa,4
1477396,140998,Boqueria,5
1477477,78560,The Meatball Shop,4
1476963,296805,Blue Ribbon Fried Chicken,4
1477733,376499,Lucky Strike,4
1477627,359699,RedFarm Hudson,5
1477718,42755,Blue Ribbon Sushi,5
1477167,76907,Han Dynasty,4
1477766,186473,Blue Ribbon Sushi,Not given
1477386,221394,The Meatball Shop,Not given
1478176,240982,Rubirosa,5
1476818,195927,Boqueria,Not given
1477435,154030,Hatsuhana,4
1478086,81333,Shake Shack,Not given
1477465,361220,Carmine's,5
1477412,146489,Paul & Jimmy's,Not given
1476550,101347,The Loop,5
1477361,115419,Shake Shack,Not given
1477131,270525,The Smile,4
1477745,59017,TAO,Not given
1477683,279715,RedFarm Hudson,Not given
1476592,67844,The Smile,Not given
1477687,72757,Jack's Wife Freda,5
1476857,220186,Blue Ribbon Fried Chicken,5
1478325,399373,Shake Shack,4
1477744,58675,Pinto Nouveau Thai Bistro,Not given
1478025,99312,Pylos,3
1478171,316402,The Meatball Shop,5
1477268,375585,TAO,5
1476780,319773,Vezzo Thin Crust Pizza,5
1476594,94480,TAO,5
1477830,61212,Tamarind TriBeCa,5
1477725,105754,Momoya,4
1476922,66373,Balthazar Boulangerie,3
1478266,297413,The Meatball Shop,Not given
1478377,399584,The Meatball Shop,Not given
1476880,216258,Momoya,5
1476721,131645,The Meatball Shop,Not given
1477793,318451,Blue Ribbon Sushi,4
1478322,57943,RedFarm Broadway,5
1477065,43636,The Meatball Shop,5
1477670,235818,Shake Shack,5
1476674,318689,Olive Garden,Not given
1478212,57878,Dos Caminos,Not given
1477632,76942,Sarabeth's Restaurant,Not given
1478083,91817,Lucky's Famous Burgers,4
1477484,143984,Blue Ribbon Fried Chicken,3
1477710,376578,Shake Shack,5
1477307,141732,Cho Dang Gol,5
1478062,109107,Burger Joint,4
1476865,297232,Empanada Mama (closed),5
1476621,282699,RedFarm Hudson,Not given
1476957,54630,V-Nam Cafe,Not given
1477611,130820,Nobu Next Door,Not given
1477775,142461,Shake Shack,4
1478007,113238,Boqueria,Not given
1477629,198936,Five Leaves,Not given
1476737,94766,Nobu Next Door,5
1477868,27609,Blue Ribbon Sushi Bar & Grill,Not given
1478185,97079,Benihana,Not given
1477567,175290,The Meatball Shop,Not given
1478251,99621,Jack's Wife Freda,5
1478079,54608,Tamarind TriBeCa,5
1478144,155124,The Meatball Shop,5
1476615,338599,RedFarm Hudson,4
1478419,118776,Blue Ribbon Sushi Bar & Grill,5
1476920,36118,RedFarm Broadway,4
1477786,145389,RedFarm Hudson,3
1476924,153048,Shake Shack,Not given
1476547,83095,Bareburger,5
1477561,183704,The Meatball Shop,Not given
1477422,64401,The Meatball Shop,5
1477436,88853,RedFarm Hudson,4
1478353,369809,Momoya,3
1477086,164529,Blue Ribbon Sushi,5
1477688,101285,Blue Ribbon Sushi,4
1477011,309983,S'MAC,Not given
1477695,302131,Rubirosa,Not given
1476608,297674,Burger Joint,3
1478375,214028,Boqueria,5
1476965,276192,Delicatessen,4
1476757,115610,12 Chairs,Not given
1476611,300003,Grand Sichuan International,Not given
1477055,77544,Bareburger,4
1477949,385023,Rubirosa,3
1477406,154022,Blue Ribbon Sushi Bar & Grill,4
1478118,101285,Blue Ribbon Sushi,3
1477352,100148,Sushi of Gari,5
1478276,352827,Shake Shack,Not given
1477837,93133,Nobu Next Door,Not given
1476781,333449,Shake Shack,Not given
1476879,259341,Blue Ribbon Fried Chicken,4
1477383,174796,Xi'an Famous Foods,Not given
1477534,155124,The Meatball Shop,Not given
1477111,127149,P.J. Clarke's,4
1477818,144352,Shake Shack,4
1477249,351561,The Kati Roll Company,Not given
1477095,196355,Shake Shack,Not given
1477379,145962,Joe's Shanghai _Àü£¾÷´,3
1477128,354016,Waverly Diner,Not given
1478125,49104,Shake Shack,4
1477707,133330,Blue Ribbon Fried Chicken,5
1478191,390232,Friend of a Farmer,Not given
1476614,138462,Chipotle Mexican Grill $1.99 Delivery,5
1477105,67844,The Smile,5
1477124,270789,Vanessa's Dumplings,Not given
1476980,117810,Momoya,5
1477162,42755,Blue Ribbon Fried Chicken,4
1476754,229946,Balthazar Boulangerie,Not given
1477260,229946,Chipotle Mexican Grill $1.99 Delivery,4
1478297,180618,Bareburger,5
1476792,346280,Saravanaa Bhavan,Not given
1477554,72726,Shake Shack,Not given
1477820,41746,Schnipper's Quality Kitchen,4
1478291,385134,RedFarm Broadway,5
1477628,83287,Blue Ribbon Sushi Izakaya,Not given
1478038,45164,Shake Shack,Not given
1478356,62540,Blue Ribbon Sushi,Not given
1477952,371117,Shake Shack,4
1476992,85782,Vezzo Thin Crust Pizza,Not given
1478040,47280,Sushi of Gari Tribeca,5
1477905,164626,The Meatball Shop,4
1477658,80795,Tamarind TriBeCa,Not given
1477918,62912,Yama Japanese Restaurant,Not given
1477562,93113,The Odeon,4
1476847,114085,The Meatball Shop,4
1477081,222734,Shake Shack,Not given
1476604,126798,Cafe Mogador,4
1478016,154471,Yama Japanese Restaurant,5
1477087,206039,Shake Shack,5
1476706,327651,Hunan Manor,5
1477906,66012,Sushi of Gari Tribeca,5
1478381,111909,Ravagh Persian Grill,Not given
1478142,114085,Hatsuhana,3
1477654,301032,Blue Ribbon Fried Chicken,5
1477965,384411,Shake Shack,3
1476960,45577,Parm,Not given
1478134,82041,Sushi of Gari Tribeca,Not given
1477588,286386,5 Napkin Burger,3
1477897,79507,The Meatball Shop,Not given
1477217,139639,Sushi of Gari 46,Not given
1476772,149984,Sushi of Gari,5
1478167,88078,RedFarm Hudson,Not given
1477101,81828,The Meatball Shop,5
1477665,231061,Han Dynasty,Not given
1477103,342515,Five Guys Burgers and Fries,5
1477880,114410,The Meatball Shop,5
1477346,235620,Shake Shack,4
1477157,92006,Blue Ribbon Sushi Bar & Grill,Not given
1477886,241310,Blue Ribbon Sushi,3
1477442,184325,Asuka Sushi,5
1477434,77857,Shake Shack,5
1477303,92768,Sushi of Gari 46,Not given
1477423,80466,J. G. Melon,5
1478424,304052,Parm,5
1476571,334758,Melt Shop,4
1477034,259341,J. G. Melon,Not given
1477673,132906,Sushi of Gari 46,Not given
1478061,64151,Jack's Wife Freda,Not given
1476901,391860,Lucky's Famous Burgers,5
1478113,74048,ilili Restaurant,4
1477986,115213,Junoon,5
1477770,59742,J. G. Melon,Not given
1478420,104355,Momoya,5
1477252,96262,Cafe Habana,Not given
1476883,354948,Westville Hudson,5
1478442,378035,Five Guys Burgers and Fries,5
1477898,68248,J. G. Melon,5
1477476,276192,Delicatessen,4
1477520,178158,Chipotle Mexican Grill $1.99 Delivery,4
1477652,99393,Parm,Not given
1478205,65361,Coppola's East,Not given
1477751,385134,RedFarm Broadway,5
1477021,231453,Mamoun's Falafel,Not given
1476959,65007,Serafina Fabulous Pizza,5
1476687,61722,Blue Ribbon Sushi,Not given
1477798,378035,Five Guys Burgers and Fries,4
1476938,164776,TAO,Not given
1477022,61588,Blue Ribbon Sushi,4
1477077,40808,Shake Shack,4
1478361,371117,Shake Shack,5
1477407,123535,RedFarm Hudson,5
1477207,58088,Sushi of Gari 46,Not given
1477122,97806,Shake Shack,Not given
1477199,154471,Yama Japanese Restaurant,3
1478060,97346,Osteria Morini,Not given
1478074,41638,Blue Ribbon Fried Chicken,5
1477614,255697,Sushi Samba,Not given
1477181,302790,Carmine's,Not given
1477454,210544,DespaÌ±a,5
1476870,94524,The Meatball Shop,5
1477759,68551,Blue Ribbon Sushi Bar & Grill,Not given
1477606,39406,RedFarm Broadway,4
1478302,318665,Blue Ribbon Sushi Bar & Grill,4
1476574,376993,Emporio,Not given
1478306,358158,Parm,Not given
1476565,41991,Blue Ribbon Sushi Bar & Grill,5
1478200,164016,Blue Ribbon Fried Chicken,5
1478264,70564,Jack's Wife Freda,5
1477228,52574,Jack's Wife Freda,Not given
1478057,75548,Parm,Not given
1478256,147468,Tamarind TriBeCa,5
1478259,68446,Hill Country Fried Chicken,Not given
1477483,142681,Osteria Morini,4
1477257,400950,Sushi of Gari 46,5
1477056,298824,Shake Shack,Not given
1477402,377481,Otto Enoteca Pizzeria,Not given
1476760,180776,Empanada Mama (closed),Not given
1477030,240982,Rubirosa,3
1476850,85091,The Meatball Shop,5
1477356,354923,CafÌ© China,4
1477990,59673,Rubirosa,4
1477448,142574,Sushi of Gari,5
1477784,146555,Momoya,5
1478425,373152,Parm,Not given
1477031,201471,Friend of a Farmer,Not given
1477969,69516,Wa Jeal,Not given
1476595,385150,Blue Ribbon Sushi,Not given
1478070,129206,RedFarm Broadway,3
1477501,151191,RedFarm Hudson,5
1476727,49086,Jack's Wife Freda,3
1477016,78067,Parm,Not given
1477511,261665,RedFarm Broadway,5
1477067,370656,Vanessa's Dumplings,Not given
1477068,108046,Rubirosa,Not given
1477551,277898,Blue Ribbon Fried Chicken,4
1478415,105665,Blue Ribbon Sushi Bar & Grill,Not given
1478129,52256,Han Dynasty,Not given
1477096,158578,Xi'an Famous Foods,3
1477891,142461,Shake Shack,Not given
1477881,63361,Cafeteria,Not given
1478197,41205,Shake Shack,5
1477082,107909,ilili Restaurant,4
1477781,183520,Tamarind TriBeCa,5
1476570,148459,The Kati Roll Company,Not given
1476677,302790,Le Zie 2000 Trattoria,Not given
1478397,121706,Blue Ribbon Fried Chicken,5
1477608,125123,Le Grainne Cafe,4
1478241,60052,RedFarm Broadway,5
1477216,259341,Momoya,Not given
1478379,142753,Shake Shack,Not given
1478237,81110,Han Dynasty,Not given
1477732,399729,Shake Shack,4
1476842,103970,RedFarm Broadway,Not given
1476984,286386,5 Napkin Burger,Not given
1476783,96254,Han Dynasty,Not given
1476989,64401,The Meatball Shop,5
1477213,53156,The Meatball Shop,Not given
1477607,386995,Han Dynasty,Not given
1477863,128216,Shake Shack,4
1478360,375043,Tamarind TriBeCa,Not given
1477134,361654,The Meatball Shop,5
1478390,38612,Vanessa's Dumplings,Not given
1476794,73274,S'MAC,Not given
1478116,378482,Five Guys Burgers and Fries,Not given
1478344,55334,Sushi of Gari Tribeca,5
1477796,40745,Parm,Not given
1478243,159626,Blue Ribbon Sushi,4
1477069,377260,Blue Ribbon Fried Chicken,5
1476953,252342,Westville Hudson,4
1477700,60039,Blue Ribbon Sushi,3
1478106,129206,Shake Shack,Not given
1477625,106860,Sushi of Gari Tribeca,Not given
1478213,122092,Han Dynasty,3
1476779,378820,Sushi Samba,5
1478207,62161,Tamarind TriBeCa,4
1477075,52832,ilili Restaurant,3
1477145,207281,Shake Shack,5
1478153,300208,Xi'an Famous Foods,5
1477689,203442,Terakawa Ramen,Not given
1477742,338599,Blue Ribbon Fried Chicken,3
1477391,60835,RedFarm Hudson,3
1476993,301825,RedFarm Broadway,Not given
1476705,260680,Cafe Mogador,3
1477694,192317,Shake Shack,4
1477933,284256,Empanada Mama (closed),Not given
1477062,396432,Blue Ribbon Sushi,5
1477771,232035,ilili Restaurant,5
1477144,62667,Balthazar Boulangerie,5
1477149,102710,Rye House,4
1478182,135970,Momoya,5
1478405,58675,Shake Shack,3
1478094,102010,TAO,Not given
1477857,363202,S'MAC,5
1476840,143866,Jack's Wife Freda,Not given
1477641,128224,Blue Ribbon Sushi,4
1476690,124875,Vanessa's Dumplings,4
1476593,175703,The Meatball Shop,Not given
1477343,101957,Hiroko's Place,Not given
1476881,57263,Nobu Next Door,Not given
1476913,145216,Grand Sichuan International,5
1478119,276192,Sushi of Gari Tribeca,4
1476976,300552,Shake Shack,5
1476575,141912,P.J. Clarke's,Not given
1478105,143721,Hummus Place,5
1476945,49034,The Smile,5
1476853,139626,L'Express,Not given
1477259,145952,Blue Ribbon Sushi,4
1477141,66331,Shake Shack,5
1477556,168420,Blue Ribbon Brooklyn,Not given
1478254,239985,5 Napkin Burger,5
1478365,60039,ilili Restaurant,4
1477380,108659,Rubirosa,4
1477548,79255,The Meatball Shop,4
1478444,355090,Shake Shack,3
1477716,317515,Cafe Habana,Not given
1476668,114476,Zero Otto Nove,Not given
1477106,103852,J. G. Melon,5
1477526,344079,Olea,Not given
1477664,47440,Blue Ribbon Fried Chicken,4
1477917,71249,Momoya,4
1477381,316223,The Smile,4
1476745,377771,Blue Ribbon Fried Chicken,3
1477885,178158,Chipotle Mexican Grill $1.99 Delivery,4
1476724,130956,Blue Ribbon Sushi,3
1477387,141732,Blue Ribbon Fried Chicken,Not given
1476750,94152,Empanada Mama (closed),3
1478285,113817,Blue Ribbon Fried Chicken,4
1477910,39702,Frank Restaurant,4
1478364,273690,Grand Sichuan International,Not given
1477480,75722,Yama 49,5
1477050,337230,Shake Shack,Not given
1478090,62359,Blue Ribbon Sushi Izakaya,5
1477633,378753,Shake Shack,5
1478095,183520,Blue Ribbon Sushi,4
1478096,146211,Yama Japanese Restaurant,Not given
1478166,177250,RedFarm Hudson,Not given
1478013,283884,Westville Hudson,5
1478369,243341,Sushi Samba,5
1476970,275689,Nobu Next Door,4
1476612,115610,Delicatessen,Not given
1478234,102620,Balthazar Boulangerie,4
1477114,47594,Dos Caminos,5
1477644,82041,Osteria Morini,3
1476634,82092,Sushi of Gari 46,Not given
1477186,291891,The Kati Roll Company,4
1477939,41040,The Meatball Shop,Not given
1477610,35643,Vanessa's Dumpling House,5
1476843,361846,Sarabeth's West,3
1476983,55689,Rubirosa,Not given
1478418,95049,Nobu Next Door,Not given
1477941,64830,Cafeteria,3
1478123,149268,Han Dynasty,Not given
1477966,318451,Blue Ribbon Sushi,Not given
1478154,383688,CafÌ© China,5
1477855,5139,Sushi of Gari 46,5
1478261,106940,Parm,4
1477121,274232,Nobu Next Door,5
1477927,351329,Parm,Not given
1477871,124875,Shake Shack,3
1476644,142461,Shake Shack,5
1477415,58800,Mamoun's Falafel,5
1477397,117810,Momoya,Not given
1476723,136807,RedFarm Hudson,5
1478258,222734,Shake Shack,3
1477222,348096,The Meatball Shop,4
1477335,84457,Nobu Next Door,Not given
1476790,141732,Cho Dang Gol,5
1477330,198802,DuMont Burger,3
1477639,211035,Blue Ribbon Sushi,Not given
1478124,328331,S'MAC,5
1477076,68834,Sushi of Gari 46,5
1476939,111894,The Meatball Shop,Not given
1476661,42755,Blue Ribbon Sushi,3
1478268,306119,Xi'an Famous Foods,4
1477253,111125,Blue Ribbon Sushi,5
1477778,100889,RedFarm Broadway,4
1476923,50199,J. G. Melon,4
1477362,172758,Shake Shack,4
1477404,96254,Yama Japanese Restaurant,4
1477000,328731,Blue Ribbon Fried Chicken,5
1478148,261371,Shake Shack,Not given
1477377,198802,DuMont Burger,Not given
1478039,292343,Amy Ruth's,Not given
1478320,85091,The Meatball Shop,3
1478304,321492,'wichcraft,5
1477194,62540,Blue Ribbon Sushi,Not given
1477132,110792,Blue Ribbon Sushi,5
1477466,222734,Shake Shack,5
1476700,127036,Shake Shack,Not given
1478011,96877,Melt Shop,5
1476748,109906,The Meatball Shop,Not given
1477437,304993,Shake Shack,3
1477550,97324,Shake Shack,4
1478277,48282,The Meatball Shop,5
1476873,237616,Shake Shack,Not given
1477353,106324,The Meatball Shop,5
1478190,94152,RedFarm Broadway,3
1477316,164776,TAO,5
1476981,138586,Shake Shack,Not given
1477473,97838,Han Dynasty,Not given
1476701,292602,Chipotle Mexican Grill $1.99 Delivery,5
1477421,397537,The Smile,5
1477819,35309,Blue Ribbon Sushi,Not given
1477513,64151,Jack's Wife Freda,5
1478056,120353,Blue Ribbon Sushi,Not given
